City_ID,city,lat,lng,max_Temp,humidity,cloudiness,wind_Speed,country,date
0,gaomi,36.3833,119.7528,55.35,90,100,23.6,CN,2023-04-04 00:16:23
1,bathurst,-33.4166,149.5806,67.96,69,4,1.01,AU,2023-04-04 00:16:23
2,rikitea,-23.1203,-134.9692,80.13,80,100,15.82,PF,2023-04-04 00:16:23
3,ratnagiri,16.9833,73.3,72.61,87,56,4.88,IN,2023-04-04 00:16:24
4,te anau,-45.4167,167.7167,61.36,56,22,1.1,NZ,2023-04-04 00:16:06
5,kapaa,22.0752,-159.319,78.78,82,75,16.11,US,2023-04-04 00:16:24
6,ushuaia,-54.8,-68.3,46.06,87,75,33.38,AR,2023-04-04 00:16:24
7,hofn,64.2539,-15.2082,46.35,94,100,24.9,IS,2023-04-04 00:12:53
8,hasaki,35.7333,140.8333,57.6,55,0,11.9,JP,2023-04-04 00:16:24
9,norman wells,65.282,-126.8329,28.44,69,40,12.66,CA,2023-04-04 00:16:25
10,bredasdorp,-34.5322,20.0403,59.79,83,40,3.0,ZA,2023-04-04 00:16:25
11,dunedin,-45.8742,170.5036,67.06,56,65,8.99,NZ,2023-04-04 00:15:17
12,nichinan,31.6,131.3667,65.88,56,99,12.75,JP,2023-04-04 00:16:25
13,tuktoyaktuk,69.4541,-133.0374,-0.4,78,20,5.75,CA,2023-04-04 00:16:26
14,mahebourg,-20.4081,57.7,77.29,88,40,3.44,MU,2023-04-04 00:16:26
15,lebu,-37.6167,-73.65,55.51,74,0,18.07,CL,2023-04-04 00:16:26
16,lahaina,20.8783,-156.6825,80.6,81,9,6.26,US,2023-04-04 00:15:38
17,farafangana,-22.8167,47.8333,73.2,91,13,2.91,MG,2023-04-04 00:16:27
18,san quintin,30.4833,-115.95,56.52,59,5,24.94,MX,2023-04-04 00:12:01
19,loandjili,-4.7561,11.8578,80.33,82,94,5.57,CG,2023-04-04 00:16:27
20,mataura,-46.1927,168.8643,58.48,54,83,4.23,NZ,2023-04-04 00:16:27
21,thompson,55.7435,-97.8558,17.76,35,40,2.3,CA,2023-04-04 00:16:28
22,cidreira,-30.1811,-50.2056,72.59,76,12,15.14,BR,2023-04-04 00:16:28
23,busselton,-33.65,115.3333,60.96,81,53,9.17,AU,2023-04-04 00:16:28
24,hobart,-42.8794,147.3294,65.05,62,66,1.99,AU,2023-04-04 00:13:39
25,beatrice,40.2681,-96.747,59.09,31,100,17.27,US,2023-04-04 00:16:28
26,khatanga,71.9667,102.5,-21.51,95,98,11.03,RU,2023-04-04 00:16:29
27,pavlovsk,50.4578,40.1081,46.65,92,98,8.03,RU,2023-04-04 00:16:29
28,new norfolk,-42.7826,147.0587,65.71,60,63,1.99,AU,2023-04-04 00:16:29
29,jamestown,42.097,-79.2353,49.64,57,100,5.75,US,2023-04-04 00:15:21
30,flinders,-34.5833,150.8552,74.17,73,35,5.99,AU,2023-04-04 00:16:29
31,kyzyl-suu,42.3414,78.0056,37.42,27,4,9.15,KG,2023-04-04 00:16:30
32,itacoatiara,-3.1431,-58.4442,74.5,96,70,2.35,BR,2023-04-04 00:16:30
33,poum,-20.2333,164.0167,82.18,78,63,14.94,NC,2023-04-04 00:16:30
34,tautira,-17.7333,-149.15,82.27,72,44,4.38,PF,2023-04-04 00:16:30
35,svetlaya,46.5389,138.3297,48.25,64,100,7.23,RU,2023-04-04 00:12:38
36,faanui,-16.4833,-151.75,82.47,73,56,9.4,PF,2023-04-04 00:16:31
37,key largo,25.0865,-80.4473,79.0,71,8,8.01,US,2023-04-04 00:13:05
38,mar del plata,-38.0023,-57.5575,62.1,84,61,0.0,AR,2023-04-04 00:15:55
39,tiksi,71.6872,128.8694,13.96,92,97,3.65,RU,2023-04-04 00:16:31
40,tashtagol,52.7657,87.8894,19.67,94,90,2.28,RU,2023-04-04 00:16:31
41,portland,45.5234,-122.6762,50.59,78,75,5.75,US,2023-04-04 00:14:50
42,wahiawa,21.5028,-158.0236,78.55,65,20,14.97,US,2023-04-04 00:16:32
43,yellowknife,62.456,-114.3525,17.29,88,100,5.55,CA,2023-04-04 00:14:34
44,khani,41.9563,42.9566,40.57,83,53,6.49,GE,2023-04-04 00:16:32
45,kitimat,54.0524,-128.6534,44.98,67,99,1.01,CA,2023-04-04 00:16:33
46,luderitz,-26.6481,15.1594,61.88,69,0,16.31,NA,2023-04-04 00:16:33
47,luganville,-15.5333,167.1667,86.05,67,54,9.48,VU,2023-04-04 00:16:33
48,atuona,-9.8,-139.0333,80.8,78,91,14.25,PF,2023-04-04 00:16:33
49,zyryanskoye,56.8306,86.6258,29.88,97,100,9.64,RU,2023-04-04 00:16:34
50,namibe,-15.1961,12.1522,75.47,74,80,6.73,AO,2023-04-04 00:16:34
51,zhanaozen,43.3,52.8,45.77,71,94,8.43,KZ,2023-04-04 00:16:34
52,vaini,-21.2,-175.2,84.36,70,20,9.22,TO,2023-04-04 00:16:34
53,carutapera,-1.195,-46.02,73.92,95,100,3.36,BR,2023-04-04 00:12:17
54,fukue,32.6881,128.8419,64.76,77,75,10.36,JP,2023-04-04 00:16:35
55,maragogi,-9.0122,-35.2225,78.44,79,81,5.79,BR,2023-04-04 00:16:35
56,kyren,51.6828,102.1408,17.94,62,46,2.55,RU,2023-04-04 00:16:35
57,pitimbu,-7.4706,-34.8086,79.39,77,10,9.8,BR,2023-04-04 00:15:20
58,waynesboro,38.0685,-78.8895,63.79,48,0,5.75,US,2023-04-04 00:16:36
59,holme,56.1138,10.1725,31.95,86,100,3.22,DK,2023-04-04 00:16:36
60,guntur,16.3,80.45,78.89,86,28,4.61,IN,2023-04-04 00:16:36
61,cape town,-33.9258,18.4232,66.38,82,43,3.18,ZA,2023-04-04 00:14:58
62,tura,25.5198,90.2201,66.58,75,60,3.58,IN,2023-04-04 00:16:37
63,ilulissat,69.2167,-51.1,-13.38,99,9,5.26,GL,2023-04-04 00:16:37
64,santa fe,-31.6333,-60.7,66.02,96,46,8.01,AR,2023-04-04 00:16:37
65,jiwani,25.05,61.7417,74.34,66,0,13.71,PK,2023-04-04 00:16:38
66,punta arenas,-53.15,-70.9167,46.51,61,40,20.71,CL,2023-04-04 00:16:38
67,leningradskiy,69.3833,178.4167,-8.12,86,11,2.98,RU,2023-04-04 00:16:38
68,zaraza,9.3503,-65.3245,80.1,63,79,9.98,VE,2023-04-04 00:16:38
69,cherskiy,68.75,161.3,4.01,73,100,14.9,RU,2023-04-04 00:16:38
70,antofagasta,-23.65,-70.4,69.08,87,47,5.14,CL,2023-04-04 00:16:04
71,albany,42.6001,-73.9662,56.91,49,87,6.13,US,2023-04-04 00:16:39
72,qandala,11.472,49.8728,81.45,69,30,4.0,SO,2023-04-04 00:16:39
73,tibati,6.4667,12.6333,75.31,58,98,3.0,CM,2023-04-04 00:16:39
74,watsa,3.0372,29.5355,62.91,97,100,3.58,CD,2023-04-04 00:16:39
75,kerouane,9.2667,-9.0167,74.12,68,83,4.83,GN,2023-04-04 00:16:40
76,coahuayana,18.7333,-103.6833,81.79,60,28,5.59,MX,2023-04-04 00:16:40
77,bengkulu,-3.8004,102.2655,75.63,89,100,2.8,ID,2023-04-04 00:15:57
78,cabo san lucas,22.8909,-109.9124,85.3,53,100,14.97,MX,2023-04-04 00:15:51
79,kodiak,57.79,-152.4072,35.11,93,100,10.36,US,2023-04-04 00:16:41
80,svetlogorsk,52.6333,29.7333,30.36,97,100,10.02,BY,2023-04-04 00:16:41
81,rio gallegos,-51.6226,-69.2181,51.85,54,0,14.97,AR,2023-04-04 00:16:41
82,ruzhyn,49.7228,29.2046,34.43,97,100,7.94,UA,2023-04-04 00:16:41
83,port alfred,-33.5906,26.891,62.19,82,80,4.0,ZA,2023-04-04 00:16:42
84,lata,40.1629,-8.3327,55.08,89,100,4.65,PT,2023-04-04 00:13:53
85,atar,20.5169,-13.0499,80.17,9,19,9.08,MR,2023-04-04 00:16:42
86,kirakira,-10.4544,161.9205,86.27,70,85,8.43,SB,2023-04-04 00:16:42
87,abha,18.2164,42.5053,55.65,82,40,6.91,SA,2023-04-04 00:16:42
88,viransehir,37.2353,39.7631,51.85,80,15,4.83,TR,2023-04-04 00:16:43
89,noyabrsk,63.1994,75.4507,-9.02,99,28,5.37,RU,2023-04-04 00:16:43
90,bacolod,10.6667,122.95,83.01,66,83,7.54,PH,2023-04-04 00:16:43
91,bluff,-46.6,168.3333,58.8,70,90,11.72,NZ,2023-04-04 00:16:43
92,manta,-0.95,-80.7333,80.38,83,40,5.75,EC,2023-04-04 00:12:37
93,trat,12.5,102.5,77.67,77,48,0.94,TH,2023-04-04 00:16:44
94,castro,-24.7911,-50.0119,60.12,83,2,3.02,BR,2023-04-04 00:16:44
95,maltahohe,-24.8333,16.9833,65.23,17,10,11.48,NA,2023-04-04 00:16:44
96,hermanus,-34.4187,19.2345,61.36,82,48,3.11,ZA,2023-04-04 00:16:44
97,vikramasingapuram,8.714,77.3893,76.37,86,23,3.51,IN,2023-04-04 00:16:45
98,hithadhoo,-0.6,73.0833,82.17,70,85,9.31,MV,2023-04-04 00:16:45
99,namatanai,-3.6667,152.4333,84.9,65,96,1.45,PG,2023-04-04 00:16:45
100,batemans bay,-35.7167,150.1833,67.1,52,31,3.91,AU,2023-04-04 00:16:46
101,bitung,1.4451,125.1824,77.85,71,81,6.33,ID,2023-04-04 00:16:46
102,rundu,-17.9333,19.7667,66.85,60,25,1.92,NA,2023-04-04 00:16:46
103,hilo,19.7297,-155.09,82.13,68,40,11.5,US,2023-04-04 00:16:46
104,yulara,-25.2406,130.9889,76.39,50,98,5.14,AU,2023-04-04 00:16:47
105,kjollefjord,70.9457,27.3465,33.85,86,40,27.63,NO,2023-04-04 00:13:55
106,codrington,-38.2667,141.9667,62.31,65,77,1.95,AU,2023-04-04 00:12:41
107,spassk,52.747,87.7545,19.26,95,90,2.59,RU,2023-04-04 00:16:47
108,barrow,71.2906,-156.7887,3.22,85,100,13.8,US,2023-04-04 00:16:47
109,polovinnoye,54.7914,65.9864,33.66,77,4,6.44,RU,2023-04-04 00:16:48
110,puerto ayora,-0.7393,-90.3518,81.55,91,83,5.01,EC,2023-04-04 00:16:48
111,airai,-8.9266,125.4092,66.78,74,96,2.66,TL,2023-04-04 00:16:48
112,nalut,30.3333,10.85,53.28,37,0,7.11,LY,2023-04-04 00:16:48
113,bambous virieux,-20.3428,57.7575,77.25,88,40,3.44,MU,2023-04-04 00:16:48
114,maarianhamina,60.0973,19.9348,30.81,100,0,2.3,AX,2023-04-04 00:16:49
115,san patricio,28.017,-97.5169,83.53,71,93,16.78,US,2023-04-04 00:16:49
116,dingle,10.9995,122.6711,82.33,69,79,7.74,PH,2023-04-04 00:16:49
117,suez,29.9737,32.5263,68.79,36,0,7.94,EG,2023-04-04 00:16:49
118,dikson,73.5069,80.5464,-10.68,98,98,10.38,RU,2023-04-04 00:16:49
119,qaanaaq,77.484,-69.3632,-9.6,65,16,6.4,GL,2023-04-04 00:16:50
120,vila velha,-20.3297,-40.2925,76.95,75,0,6.91,BR,2023-04-04 00:16:50
121,severo-kurilsk,50.6789,156.125,33.26,86,77,12.8,RU,2023-04-04 00:16:50
122,inuvik,68.3499,-133.7218,13.06,57,20,6.91,CA,2023-04-04 00:16:51
123,seoul,37.5683,126.9778,65.77,15,0,9.22,KR,2023-04-04 00:16:51
124,clyde river,70.4692,-68.5914,-7.37,71,0,5.75,CA,2023-04-04 00:16:51
125,henties bay,-22.116,14.2845,61.93,82,0,6.67,NA,2023-04-04 00:16:51
126,broken hill,-31.95,141.4333,69.46,26,0,7.85,AU,2023-04-04 00:16:52
127,kamien pomorski,53.9685,14.7726,28.56,68,20,7.34,PL,2023-04-04 00:16:52
128,saskylakh,71.9167,114.0833,-8.82,96,95,12.03,RU,2023-04-04 00:16:52
129,upernavik,72.7868,-56.1549,-19.34,100,73,4.27,GL,2023-04-04 00:12:01
130,salalah,17.0151,54.0924,84.29,21,0,8.05,OM,2023-04-04 00:16:52
131,quatre cocos,-20.2078,57.7625,77.11,84,96,6.17,MU,2023-04-04 00:16:53
132,port hardy,50.6996,-127.4199,41.18,81,75,4.61,CA,2023-04-04 00:16:53
133,sola,-13.8833,167.55,83.19,73,30,16.82,VU,2023-04-04 00:16:53
134,nikolskoye,59.7035,30.7861,30.09,96,100,6.33,RU,2023-04-04 00:16:53
135,chicama,-7.8447,-79.1469,81.14,71,72,5.26,PE,2023-04-04 00:16:53
136,eenhana,-17.4667,16.3333,67.39,64,77,6.29,NA,2023-04-04 00:16:54
137,mezen,65.8522,44.24,5.29,98,35,4.59,RU,2023-04-04 00:16:54
138,palmer,42.1584,-72.3287,50.61,53,75,18.41,US,2023-04-04 00:16:54
139,katsuura,35.1333,140.3,56.52,56,0,11.1,JP,2023-04-04 00:16:54
140,malanje,-9.5402,16.341,63.82,98,96,1.79,AO,2023-04-04 00:16:54
141,iranshahr,27.2025,60.6848,62.94,39,0,4.61,IR,2023-04-04 00:16:55
142,avarua,-21.2078,-159.775,82.45,61,20,6.91,CK,2023-04-04 00:16:55
143,port moresby,-9.4431,147.1797,79.14,86,100,6.82,PG,2023-04-04 00:13:01
144,samarai,-10.6167,150.6667,84.24,73,96,7.87,PG,2023-04-04 00:16:55
145,nanortalik,60.1432,-45.2371,32.5,85,99,1.34,GL,2023-04-04 00:16:56
146,donghai,22.9459,115.642,70.93,89,100,7.56,CN,2023-04-04 00:16:56
147,canchungo,12.0672,-16.0333,75.33,75,5,6.13,GW,2023-04-04 00:16:56
148,mount gambier,-37.8333,140.7667,62.74,64,100,2.37,AU,2023-04-04 00:13:43
149,brae,60.3964,-1.353,41.94,83,81,17.47,GB,2023-04-04 00:15:27
150,basco,20.4487,121.9702,75.2,64,9,19.26,PH,2023-04-04 00:16:57
151,concepcion del uruguay,-32.4825,-58.2372,64.98,92,98,1.99,AR,2023-04-04 00:16:57
152,balkhash,46.844,74.9804,30.81,40,0,24.61,KZ,2023-04-04 00:16:57
153,konin,52.2234,18.2512,28.36,77,3,9.33,PL,2023-04-04 00:16:57
154,ponta do sol,32.6667,-17.1,63.23,59,18,13.53,PT,2023-04-04 00:12:54
155,muromtsevo,56.3724,75.2418,26.8,89,21,4.97,RU,2023-04-04 00:16:58
156,butaritari,3.0707,172.7902,81.99,80,96,19.46,KI,2023-04-04 00:16:58
157,deputatskiy,69.3,139.9,9.27,92,47,2.42,RU,2023-04-04 00:16:59
158,homer,59.6425,-151.5483,38.8,66,100,5.75,US,2023-04-04 00:16:59
159,bella union,-30.2752,-57.6007,66.61,63,46,7.81,UY,2023-04-04 00:16:59
160,vao,-22.6667,167.4833,78.39,82,48,8.88,NC,2023-04-04 00:16:59
161,pangnirtung,66.1451,-65.7125,-0.49,74,46,6.91,CA,2023-04-04 00:17:00
162,buta,2.7858,24.73,69.82,99,91,2.55,CD,2023-04-04 00:17:00
163,puerto suarez,-18.95,-57.8,80.58,63,85,3.06,BO,2023-04-04 00:17:00
164,amazar,53.858,120.875,20.57,62,25,7.81,RU,2023-04-04 00:17:00
165,jalu,29.0331,21.5482,61.21,38,0,8.59,LY,2023-04-04 00:17:01
166,shanghai,31.2222,121.4581,62.47,76,75,22.37,CN,2023-04-04 00:12:26
167,marawi,7.9986,124.2928,73.08,78,42,2.89,PH,2023-04-04 00:17:01
168,georgetown,5.4112,100.3354,76.95,88,20,0.0,MY,2023-04-04 00:12:44
169,valparaiso,-33.0393,-71.6273,66.0,57,0,2.3,CL,2023-04-04 00:17:01
170,mangrol,21.1167,70.1167,75.33,79,3,7.74,IN,2023-04-04 00:17:02
171,mount isa,-20.7333,139.5,83.97,20,37,10.36,AU,2023-04-04 00:17:02
172,boca do acre,-8.7522,-67.3978,73.76,89,45,2.37,BR,2023-04-04 00:17:02
173,port blair,11.6667,92.75,77.04,88,20,2.3,IN,2023-04-04 00:17:03
174,ribeira grande,38.5167,-28.7,54.77,82,77,7.0,PT,2023-04-04 00:17:03
175,sitka,57.0531,-135.33,46.29,53,0,6.91,US,2023-04-04 00:12:09
176,lorengau,-2.0226,147.2712,84.58,67,98,3.74,PG,2023-04-04 00:17:03
177,rocha,-34.4833,-54.3333,62.69,85,100,1.1,UY,2023-04-04 00:16:44
178,inhambane,-23.865,35.3833,71.87,84,0,6.35,MZ,2023-04-04 00:17:04
179,chuy,-33.6971,-53.4616,62.69,80,100,3.6,UY,2023-04-04 00:17:04
180,ngara,-2.5122,30.6558,55.72,96,82,1.28,TZ,2023-04-04 00:17:05
181,paducah,37.0834,-88.6001,68.22,66,0,11.5,US,2023-04-04 00:17:05
182,port hedland,-20.3167,118.5667,86.05,74,17,8.05,AU,2023-04-04 00:17:05
183,afyonkarahisar,38.75,30.6667,47.66,63,100,5.66,TR,2023-04-04 00:17:06
184,tazmalt,36.3868,4.3989,46.49,90,22,2.19,DZ,2023-04-04 00:17:06
185,lavrentiya,65.5833,-171.0,5.14,81,83,7.29,RU,2023-04-04 00:17:06
186,mildura,-34.2,142.15,70.07,45,0,2.64,AU,2023-04-04 00:14:51
187,rajauri,33.3833,74.3,55.22,74,100,3.09,IN,2023-04-04 00:17:07
188,ovalle,-30.5983,-71.2003,73.02,49,92,3.53,CL,2023-04-04 00:17:08
189,saint george,37.1041,-113.5841,39.79,76,100,20.71,US,2023-04-04 00:13:30
190,shingu,33.7333,135.9833,60.84,71,70,2.86,JP,2023-04-04 00:15:54
191,la rochelle,46.1667,-1.15,39.87,87,0,5.75,FR,2023-04-04 00:17:09
192,makasar,-5.14,119.4221,77.05,83,20,2.3,ID,2023-04-04 00:15:24
193,padang,-0.9492,100.3543,75.25,86,98,3.58,ID,2023-04-04 00:17:10
194,evensk,61.95,159.2333,9.73,61,6,1.79,RU,2023-04-04 00:17:10
195,saint-philippe,-21.3585,55.7679,74.79,80,95,7.99,RE,2023-04-04 00:17:11
196,uyuni,-20.4597,-66.825,58.82,30,3,6.96,BO,2023-04-04 00:17:13
197,raudeberg,61.9875,5.1352,39.87,71,49,12.1,NO,2023-04-04 00:17:14
198,shnogh,41.1469,44.8404,50.41,88,92,1.57,AM,2023-04-04 00:17:15
199,tual,-5.6667,132.75,79.95,80,100,9.78,ID,2023-04-04 00:17:17
200,hammerfest,70.6634,23.6821,34.25,100,75,19.57,NO,2023-04-04 00:17:18
201,camacari,-12.6975,-38.3242,83.97,84,89,5.55,BR,2023-04-04 00:17:19
202,marzuq,14.4,46.4667,72.99,70,98,4.0,YE,2023-04-04 00:17:20
203,rajula,21.05,71.4333,76.15,56,3,6.02,IN,2023-04-04 00:17:20
204,iqaluit,63.7506,-68.5145,1.13,71,75,18.41,CA,2023-04-04 00:17:21
205,longyearbyen,78.2186,15.6401,6.64,66,40,12.66,SJ,2023-04-04 00:17:22
206,yerbogachen,61.2767,108.0108,24.33,89,100,16.58,RU,2023-04-04 00:12:38
207,bethel,41.3712,-73.414,51.89,64,0,5.75,US,2023-04-04 00:17:25
208,senador jose porfirio,-2.5908,-51.9542,73.63,95,42,2.84,BR,2023-04-04 00:17:26
209,arraial do cabo,-22.9661,-42.0278,71.56,83,75,3.44,BR,2023-04-04 00:17:26
210,reconquista,-29.15,-59.65,73.44,47,87,9.24,AR,2023-04-04 00:17:26
211,baruun-urt,46.6806,113.2792,23.29,29,62,3.06,MN,2023-04-04 00:17:28
212,chicholi,21.4667,79.6833,76.3,29,3,3.83,IN,2023-04-04 00:17:30
213,provideniya,64.3833,-173.3,10.51,61,75,20.13,RU,2023-04-04 00:17:30
214,mayya,61.7333,130.2811,11.52,92,100,3.98,RU,2023-04-04 00:17:31
215,belmonte,-15.8631,-38.8828,75.33,88,78,8.63,BR,2023-04-04 00:17:31
216,rio grande,-32.035,-52.0986,68.11,75,69,10.31,BR,2023-04-04 00:17:31
217,luanda,-8.8368,13.2343,78.8,73,0,4.61,AO,2023-04-04 00:17:35
218,poli,-3.3333,36.8,59.74,93,99,1.57,TZ,2023-04-04 00:17:36
219,flin flon,54.7682,-101.865,17.62,84,98,4.12,CA,2023-04-04 00:17:36
220,loralai,30.3705,68.598,56.46,39,0,2.91,PK,2023-04-04 00:17:37
221,muradnagar,28.7833,77.5,68.09,60,58,3.18,IN,2023-04-04 00:17:37
222,nueva helvecia,-34.3,-57.2333,60.04,86,99,3.51,UY,2023-04-04 00:17:37
223,veraval,20.9,70.3667,75.07,80,3,8.12,IN,2023-04-04 00:17:37
224,harrisonburg,38.4496,-78.8689,63.01,50,0,5.75,US,2023-04-04 00:17:38
225,sur,22.5667,59.5289,74.17,55,9,2.13,OM,2023-04-04 00:17:38
226,chokurdakh,70.6333,147.9167,6.55,91,62,7.78,RU,2023-04-04 00:17:38
227,jaltepec,19.7333,-98.6333,76.42,24,19,7.76,MX,2023-04-04 00:17:38
228,sisimiut,66.9395,-53.6735,6.08,72,4,12.73,GL,2023-04-04 00:17:39
229,sioux lookout,50.1001,-91.917,21.02,83,100,8.46,CA,2023-04-04 00:14:36
230,denpasar,-8.65,115.2167,80.26,94,75,8.05,ID,2023-04-04 00:17:13
231,poronaysk,49.2167,143.1167,35.31,82,100,5.08,RU,2023-04-04 00:17:39
232,yekaterinovka,52.0508,44.3451,45.97,61,98,7.94,RU,2023-04-04 00:17:39
233,goderich,43.7501,-81.7165,45.05,62,100,10.42,CA,2023-04-04 00:15:08
234,rolante,-29.6506,-50.5758,66.54,87,13,3.78,BR,2023-04-04 00:14:48
235,rapar,23.5667,70.6333,75.63,75,1,11.18,IN,2023-04-04 00:17:40
236,elko,41.0002,-115.5012,28.42,59,100,21.0,US,2023-04-04 00:17:40
237,umm lajj,25.0213,37.2685,75.81,35,40,6.49,SA,2023-04-04 00:17:40
238,nkhata bay,-11.6066,34.2907,70.72,88,49,4.74,MW,2023-04-04 00:17:41
239,bontang,0.1333,117.5,76.75,90,100,3.74,ID,2023-04-04 00:17:41
240,marevo,57.3146,32.0804,31.35,99,100,4.25,RU,2023-04-04 00:17:41
241,aklavik,68.2191,-135.0107,18.21,81,97,5.97,CA,2023-04-04 00:17:41
242,bandar-e lengeh,26.5579,54.8807,62.71,77,0,0.0,IR,2023-04-04 00:17:41
243,touba,8.2833,-7.6833,73.6,83,65,3.27,CI,2023-04-04 00:17:42
244,montepulciano,43.1017,11.7868,41.4,75,8,13.78,IT,2023-04-04 00:17:42
245,alofi,-19.0595,-169.9187,80.49,83,61,13.8,NU,2023-04-04 00:17:42
246,seymchan,62.8833,152.4333,-0.53,86,77,3.83,RU,2023-04-04 00:17:42
247,saldanha,-33.0117,17.9442,61.14,92,10,7.87,ZA,2023-04-04 00:17:43
248,katiola,8.1333,-5.1,74.03,82,93,3.89,CI,2023-04-04 00:17:43
249,amga,60.8953,131.9608,16.97,87,100,5.01,RU,2023-04-04 00:17:43
250,mitsamiouli,-11.3847,43.2844,81.07,78,37,7.47,KM,2023-04-04 00:13:39
251,east london,-33.0153,27.9116,66.34,69,48,17.18,ZA,2023-04-04 00:13:26
252,sao gabriel da cachoeira,-0.1303,-67.0892,74.55,94,84,1.77,BR,2023-04-04 00:17:44
253,mulanje,-16.0316,35.5,64.17,94,27,2.46,MW,2023-04-04 00:17:44
254,tasiilaq,65.6145,-37.6368,26.76,87,100,2.1,GL,2023-04-04 00:17:44
255,carnarvon,-24.8667,113.6333,75.45,72,10,13.38,AU,2023-04-04 00:17:45
256,kavieng,-2.5744,150.7967,82.69,73,83,4.34,PG,2023-04-04 00:17:45
257,torbay,47.6666,-52.7314,30.58,82,10,7.0,CA,2023-04-04 00:15:09
258,miraflores,19.2167,-98.8083,81.25,29,37,8.32,MX,2023-04-04 00:14:34
259,bubaque,11.2833,-15.8333,78.82,69,13,15.01,GW,2023-04-04 00:17:45
260,souillac,-20.5167,57.5167,77.38,88,40,3.44,MU,2023-04-04 00:17:46
261,diamantino,-14.4086,-56.4461,72.52,92,31,3.27,BR,2023-04-04 00:17:46
262,sandwick,60.0,-1.25,44.42,81,100,16.11,GB,2023-04-04 00:17:46
263,zhigansk,66.7697,123.3711,12.52,97,100,7.9,RU,2023-04-04 00:17:46
264,sorland,67.667,12.6934,37.26,87,94,9.44,NO,2023-04-04 00:17:47
265,eydhafushi,5.1033,73.0708,81.18,74,46,5.86,MV,2023-04-04 00:17:47
266,haines junction,60.7522,-137.5108,31.95,34,6,8.05,CA,2023-04-04 00:15:49
267,bathsheba,13.2167,-59.5167,79.41,73,75,17.27,BB,2023-04-04 00:17:47
268,port elizabeth,-33.918,25.5701,63.32,86,0,14.97,ZA,2023-04-04 00:17:47
269,kaitangata,-46.2817,169.8464,63.93,58,55,7.74,NZ,2023-04-04 00:17:47
270,neuquen,-38.9516,-68.0591,60.69,67,0,0.0,AR,2023-04-04 00:17:48
271,maniitsoq,65.4167,-52.9,27.99,65,50,9.93,GL,2023-04-04 00:17:48
272,qorveh,35.1664,47.8045,39.9,76,8,2.46,IR,2023-04-04 00:17:48
273,serov,59.6033,60.5787,33.64,97,100,8.32,RU,2023-04-04 00:17:48
274,pacific grove,36.6177,-121.9166,55.54,63,0,25.32,US,2023-04-04 00:17:48
275,cururupu,-1.8283,-44.8683,71.96,98,93,1.72,BR,2023-04-04 00:17:49
276,guiyang,26.5833,106.7167,63.09,82,0,8.95,CN,2023-04-04 00:17:49
277,edd,13.9297,41.6925,78.01,79,16,1.77,ER,2023-04-04 00:17:49
278,sao filipe,14.8961,-24.4956,75.54,68,26,5.06,CV,2023-04-04 00:17:49
279,ostrovnoy,68.0531,39.5131,16.09,88,15,20.22,RU,2023-04-04 00:17:50
280,charters towers,-20.1,146.2667,80.55,69,12,4.23,AU,2023-04-04 00:17:50
281,santa rosa,14.3122,121.1114,84.18,70,46,11.79,PH,2023-04-04 00:17:50
282,vestmanna,62.1564,-7.1664,43.72,100,100,19.57,FO,2023-04-04 00:17:50
283,sambava,-14.2667,50.1667,75.02,91,49,5.39,MG,2023-04-04 00:17:51
284,havelock,34.8791,-76.9013,67.98,85,75,6.91,US,2023-04-04 00:17:51
285,mehamn,71.0357,27.8492,33.75,86,40,27.63,NO,2023-04-04 00:17:51
286,macamic,48.7502,-78.9996,20.75,90,95,10.0,CA,2023-04-04 00:17:51
287,yangmei,24.1023,112.5618,66.54,98,100,4.21,CN,2023-04-04 00:17:52
288,sao joao da barra,-21.6403,-41.0511,73.49,87,97,8.41,BR,2023-04-04 00:16:57
289,yei,4.095,30.6779,68.94,73,96,6.31,SS,2023-04-04 00:17:52
290,constitucion,-35.3333,-72.4167,58.08,70,93,11.27,CL,2023-04-04 00:17:52
291,vardo,70.3705,31.1107,31.05,84,89,26.96,NO,2023-04-04 00:17:52
292,praia da vitoria,38.7333,-27.0667,56.75,94,20,9.1,PT,2023-04-04 00:17:52
293,mahon,39.8885,4.2658,50.56,76,0,5.75,ES,2023-04-04 00:17:52
294,epernay,49.05,3.95,37.51,71,0,8.52,FR,2023-04-04 00:17:53
295,victoria,22.2855,114.1577,77.43,94,92,1.01,HK,2023-04-04 00:15:05
296,artyom,40.4723,50.333,42.94,80,0,5.5,AZ,2023-04-04 00:17:53
297,plainview,40.7765,-73.4673,52.48,77,0,16.11,US,2023-04-04 00:17:53
298,shimoda,34.6667,138.95,59.36,54,0,7.63,JP,2023-04-04 00:17:54
299,esperance,-33.8667,121.9,67.3,79,83,6.38,AU,2023-04-04 00:17:54
300,emiliano zapata,18.8333,-99.1833,93.81,15,75,3.44,MX,2023-04-04 00:17:54
301,san andres,12.5847,-81.7006,82.42,69,20,14.97,CO,2023-04-04 00:17:54
302,praya,14.9215,-23.5087,73.94,78,29,9.22,CV,2023-04-04 00:13:55
303,solvychegodsk,61.3305,46.9156,30.61,94,100,8.23,RU,2023-04-04 00:17:55
304,malindi,-3.2175,40.1191,80.89,81,61,7.47,KE,2023-04-04 00:15:55
305,shwebo,22.5667,95.7,75.58,44,34,6.71,MM,2023-04-04 00:17:55
306,tuatapere,-46.1333,167.6833,62.92,55,76,2.55,NZ,2023-04-04 00:17:55
307,kashmor,28.4333,69.5833,72.14,52,0,19.33,PK,2023-04-04 00:17:55
308,coihaique,-45.5752,-72.0662,55.35,62,100,2.3,CL,2023-04-04 00:15:57
309,russell,32.3502,-85.1999,65.48,94,100,6.91,US,2023-04-04 00:15:28
310,saurimo,-9.6608,20.3916,65.77,96,98,2.26,AO,2023-04-04 00:17:56
311,beringovskiy,63.05,179.3167,7.59,92,99,13.06,RU,2023-04-04 00:17:56
312,milledgeville,33.0801,-83.2321,61.48,94,100,3.44,US,2023-04-04 00:17:56
313,cuamba,-14.8031,36.5372,64.2,96,10,1.41,MZ,2023-04-04 00:17:56
314,jian,27.1172,114.9793,72.25,84,100,14.03,CN,2023-04-04 00:17:57
315,mossoro,-5.1875,-37.3442,76.46,87,98,6.31,BR,2023-04-04 00:17:57
316,ponta delgada,37.7333,-25.6667,56.12,76,20,4.61,PT,2023-04-04 00:17:58
317,port lincoln,-34.7333,135.8667,69.71,49,68,5.39,AU,2023-04-04 00:16:28
318,pisco,-13.7,-76.2167,75.25,88,0,14.97,PE,2023-04-04 00:17:58
319,general pico,-35.6566,-63.7568,69.57,57,93,4.88,AR,2023-04-04 00:17:58
320,sumbawanga,-7.9667,31.6167,57.18,95,100,1.72,TZ,2023-04-04 00:17:58
321,hambantota,6.1241,81.1185,77.79,82,25,1.16,LK,2023-04-04 00:17:58
322,krasnoselkup,65.7,82.4667,-19.52,96,8,7.02,RU,2023-04-04 00:17:59
323,altea,38.5989,-0.0514,56.79,65,100,7.18,ES,2023-04-04 00:17:59
324,nara,34.6851,135.8049,59.97,30,8,0.16,JP,2023-04-04 00:17:59
325,yumen,40.2833,97.2,30.49,48,100,15.59,CN,2023-04-04 00:17:59
326,harper,4.375,-7.7169,79.03,87,70,3.71,LR,2023-04-04 00:18:00
327,ancud,-41.8697,-73.8203,53.17,91,44,4.18,CL,2023-04-04 00:18:00
328,talnakh,69.4865,88.3972,-18.8,98,80,0.38,RU,2023-04-04 00:18:00
329,pervomayskoye,43.919,46.7102,43.95,80,80,6.55,RU,2023-04-04 00:18:00
330,jawhar,2.7809,45.5005,79.32,77,22,6.64,SO,2023-04-04 00:18:01
331,san cristobal,7.7669,-72.225,75.38,77,62,2.93,VE,2023-04-04 00:15:38
332,saint-joseph,-21.3667,55.6167,73.78,80,97,5.39,RE,2023-04-04 00:18:01
333,cloquet,46.7216,-92.4594,35.78,77,100,1.99,US,2023-04-04 00:18:01
334,karratha,-20.7377,116.8463,83.41,68,41,5.97,AU,2023-04-04 00:18:06
335,prieska,-29.6641,22.7474,61.18,56,10,6.89,ZA,2023-04-04 00:18:06
336,hamada,34.8833,132.0833,61.52,47,73,2.33,JP,2023-04-04 00:18:06
337,urucara,-2.5364,-57.76,73.24,98,93,2.48,BR,2023-04-04 00:17:45
338,betulia,6.1128,-75.9838,65.37,92,75,3.91,CO,2023-04-04 00:18:07
339,gulaothi,28.6,77.7833,66.69,66,65,3.71,IN,2023-04-04 00:18:07
340,nsanje,-16.92,35.262,68.81,98,75,1.52,MW,2023-04-04 00:18:08
341,kokopo,-4.352,152.2633,84.13,65,93,2.28,PG,2023-04-04 00:18:10
342,mandiana,10.6333,-8.6833,85.24,28,25,5.64,GN,2023-04-04 00:18:10
343,bourges,47.25,2.4167,36.99,69,1,10.83,FR,2023-04-04 00:13:43
344,kloulklubed,7.0419,134.2556,82.0,76,78,8.63,PW,2023-04-04 00:18:10
345,kaniama,-7.5667,24.1833,65.93,95,79,1.14,CD,2023-04-04 00:18:11
346,kavaratti,10.5669,72.642,81.57,68,50,7.54,IN,2023-04-04 00:18:11
347,yarada,17.65,83.2667,79.12,100,20,2.3,IN,2023-04-04 00:18:11
348,touros,-5.1989,-35.4608,78.85,77,74,7.81,BR,2023-04-04 00:17:42
349,naze,28.3667,129.4833,67.12,60,74,22.1,JP,2023-04-04 00:18:11
350,nanakuli,21.3906,-158.1547,81.77,59,75,14.97,US,2023-04-04 00:18:12
351,maryborough,-25.5333,152.7,79.45,58,71,4.79,AU,2023-04-04 00:18:12
352,sheltozero,61.3667,35.3667,27.61,97,100,8.48,RU,2023-04-04 00:18:17
353,herat,34.5,62.0,52.27,31,0,4.7,AF,2023-04-04 00:18:17
354,la ronge,55.1001,-105.2842,26.85,24,20,8.05,CA,2023-04-04 00:18:17
355,petropavlovka,50.6114,105.3196,21.24,39,19,3.67,RU,2023-04-04 00:18:19
356,vestmannaeyjar,63.4427,-20.2734,46.65,92,100,30.04,IS,2023-04-04 00:18:20
357,nizhneangarsk,55.7833,109.55,12.9,93,100,5.88,RU,2023-04-04 00:18:20
358,batagay,67.6333,134.6333,9.97,86,88,1.16,RU,2023-04-04 00:18:20
359,fortuna,40.5982,-124.1573,47.98,75,64,5.01,US,2023-04-04 00:18:21
360,bosaso,11.2842,49.1816,80.55,74,9,1.48,SO,2023-04-04 00:18:21
361,correntina,-13.3433,-44.6367,73.06,66,82,1.63,BR,2023-04-04 00:18:21
362,troitsko-pechorsk,62.7084,56.1964,18.25,91,53,6.02,RU,2023-04-04 00:18:22
363,nishihara,26.1842,127.7558,72.68,60,20,19.57,JP,2023-04-04 00:18:22
364,iquique,-20.2208,-70.1431,75.24,84,17,2.57,CL,2023-04-04 00:18:22
365,kichera,55.9375,110.0997,15.93,95,100,6.15,RU,2023-04-04 00:18:22
366,saint-augustin,51.226,-58.6502,27.99,79,12,5.86,CA,2023-04-04 00:17:37
367,tandil,-37.3217,-59.1332,61.38,79,85,2.19,AR,2023-04-04 00:18:23
368,pontes e lacerda,-15.2261,-59.3353,71.83,95,17,2.84,BR,2023-04-04 00:18:23
369,mareeba,-17.0,145.4333,85.48,77,54,3.51,AU,2023-04-04 00:18:23
370,athabasca,54.7169,-113.2854,33.39,71,94,2.15,CA,2023-04-04 00:15:09
371,westport,41.1415,-73.3579,51.28,70,0,11.01,US,2023-04-04 00:17:50
372,vila franca do campo,37.7167,-25.4333,55.81,79,74,4.83,PT,2023-04-04 00:18:24
373,dire,12.2833,-10.9667,84.7,16,5,2.71,ML,2023-04-04 00:18:24
374,caravelas,-17.7125,-39.2481,77.45,72,100,8.9,BR,2023-04-04 00:18:26
375,gravdal,68.1214,13.5031,38.48,83,100,8.41,NO,2023-04-04 00:18:27
376,yinchuan,38.4681,106.2731,38.08,94,100,8.7,CN,2023-04-04 00:18:27
377,chunoyar,57.4467,97.3217,28.89,95,100,10.11,RU,2023-04-04 00:18:28
378,necochea,-38.5473,-58.7368,60.53,87,15,10.4,AR,2023-04-04 00:18:29
379,kruisfontein,-34.0033,24.7314,59.04,88,72,9.93,ZA,2023-04-04 00:18:29
380,bahia blanca,-38.7196,-62.2724,62.82,88,0,3.0,AR,2023-04-04 00:18:30
381,gornopravdinsk,60.05,69.9,30.13,94,100,10.58,RU,2023-04-04 00:18:31
382,dawei,14.0833,98.2,74.17,82,100,3.56,MM,2023-04-04 00:17:49
383,osoyoos,49.0331,-119.4524,48.49,35,59,4.05,CA,2023-04-04 00:15:08
384,yar-sale,66.8333,70.8333,0.14,85,25,16.73,RU,2023-04-04 00:18:32
385,nakamura,32.9833,132.9333,61.61,75,66,4.38,JP,2023-04-04 00:18:32
386,hikari,33.955,131.95,60.78,63,80,7.61,JP,2023-04-04 00:18:33
387,ola,59.5833,151.2833,25.14,70,15,6.04,RU,2023-04-04 00:18:33
388,vytegra,61.0064,36.4481,30.63,98,100,5.08,RU,2023-04-04 00:18:33
389,ryotsu,38.0833,138.4333,53.91,53,2,3.09,JP,2023-04-04 00:14:47
390,ogaminana,7.5946,6.2248,78.4,73,100,6.17,NG,2023-04-04 00:18:36
391,witney,51.7836,-1.4854,37.51,77,0,5.75,GB,2023-04-04 00:18:36
392,salinopolis,-0.6136,-47.3561,75.0,92,100,5.73,BR,2023-04-04 00:18:36
393,senhor do bonfim,-10.4614,-40.1894,72.59,63,97,4.21,BR,2023-04-04 00:18:36
394,mujiayingzi,42.1167,118.7833,35.91,49,100,12.97,CN,2023-04-04 00:18:37
395,kalpi,26.1167,79.7333,77.38,31,48,3.04,IN,2023-04-04 00:18:37
396,lagos,6.5833,3.75,82.72,87,100,8.23,NG,2023-04-04 00:18:37
397,bilma,18.6853,12.9164,78.01,7,100,5.41,NE,2023-04-04 00:13:39
398,chon daen,16.1895,100.8596,83.19,45,54,1.63,TH,2023-04-04 00:18:37
399,bogande,12.9714,-0.1436,82.31,10,39,3.33,BF,2023-04-04 00:18:38
400,shasta lake,40.6804,-122.3708,54.63,37,91,5.01,US,2023-04-04 00:15:03
401,fitionesti,45.9833,27.05,37.38,81,100,13.09,RO,2023-04-04 00:18:38
402,vuktyl,63.8567,57.3094,9.0,94,15,3.6,RU,2023-04-04 00:18:38
403,marsa matruh,31.3525,27.2453,62.91,80,4,18.37,EG,2023-04-04 00:18:38
404,cap malheureux,-19.9842,57.6142,76.46,78,85,1.99,MU,2023-04-04 00:18:39
405,srednekolymsk,67.45,153.6833,11.19,67,84,5.06,RU,2023-04-04 00:18:39
406,yangjiang,21.85,111.9667,75.6,89,36,11.95,CN,2023-04-04 00:18:39
407,ibaiti,-23.8486,-50.1878,61.47,86,0,2.04,BR,2023-04-04 00:18:39
408,kourou,5.1552,-52.6478,77.05,83,52,6.98,GF,2023-04-04 00:18:40
409,mirassol,-20.8192,-49.5211,74.88,60,20,4.61,BR,2023-04-04 00:18:40
410,college,64.8569,-147.8028,36.07,57,75,4.61,US,2023-04-04 00:18:40
411,puerto montt,-41.4698,-72.9447,50.83,81,0,3.44,CL,2023-04-04 00:18:41
412,lompoc,34.6391,-120.4579,55.78,61,3,15.01,US,2023-04-04 00:14:04
413,makakilo city,21.3469,-158.0858,80.35,63,75,14.97,US,2023-04-04 00:18:41
414,nyurba,63.2842,118.3319,21.38,95,100,7.25,RU,2023-04-04 00:18:41
415,axim,4.8699,-2.2405,79.47,86,67,7.29,GH,2023-04-04 00:18:41
416,tokmak,47.2514,35.7058,43.66,94,84,4.99,UA,2023-04-04 00:18:42
417,cotonou,6.3654,2.4183,84.18,79,40,11.5,BJ,2023-04-04 00:18:42
418,surt,31.2089,16.5887,61.05,54,0,15.43,LY,2023-04-04 00:18:42
419,omsukchan,62.5333,155.8,5.92,75,15,5.91,RU,2023-04-04 00:18:42
420,felanitx,39.4696,3.1483,51.24,74,8,2.77,ES,2023-04-04 00:18:42
421,skjervoy,70.0311,20.9714,37.4,87,100,29.66,NO,2023-04-04 00:18:43
422,sobolevo,54.4299,31.8996,32.72,98,100,7.16,RU,2023-04-04 00:18:43
423,aksarka,66.5606,67.7975,-0.96,82,33,13.82,RU,2023-04-04 00:18:43
424,iroquois falls,48.7669,-80.6831,19.18,91,100,10.0,CA,2023-04-04 00:18:43
425,paris,48.8534,2.3488,44.37,66,0,11.5,FR,2023-04-04 00:18:05
426,okhotsk,59.3833,143.3,17.71,90,100,12.48,RU,2023-04-04 00:18:44
427,phan thiet,10.9333,108.1,79.29,82,6,4.05,VN,2023-04-04 00:18:44
428,dannenberg,53.0967,11.09,32.14,83,30,3.94,DE,2023-04-04 00:18:44
429,byron bay,-28.65,153.6167,66.7,84,87,12.86,AU,2023-04-04 00:14:28
430,gat,31.61,34.7642,62.82,28,0,9.42,IL,2023-04-04 00:18:44
431,beira,-19.8436,34.8389,71.69,100,20,2.3,MZ,2023-04-04 00:18:44
432,bernalda,40.4128,16.692,52.09,96,100,10.36,IT,2023-04-04 00:18:45
433,iwaki,37.05,140.8833,59.77,56,0,1.99,JP,2023-04-04 00:18:45
434,san pablo,14.0669,121.3258,74.89,77,64,5.61,PH,2023-04-04 00:15:57
435,bang saphan,11.2126,99.5117,74.16,85,50,4.14,TH,2023-04-04 00:18:45
436,pimentel,-6.8367,-79.9342,82.69,74,75,9.22,PE,2023-04-04 00:18:45
437,pevek,69.7008,170.3133,-8.37,86,86,8.86,RU,2023-04-04 00:18:46
438,glenwood springs,39.5505,-107.3248,58.12,59,100,18.41,US,2023-04-04 00:14:47
439,lat yao,15.751,99.7893,76.41,41,92,3.6,TH,2023-04-04 00:18:46
440,batagay-alyta,67.8006,130.4114,7.23,77,64,2.08,RU,2023-04-04 00:18:46
441,tshikapa,-6.4167,20.8,70.3,96,100,0.76,CD,2023-04-04 00:18:46
442,tari,12.4086,4.4914,81.82,9,23,6.38,NG,2023-04-04 00:18:47
443,talaya,61.3833,152.75,7.99,63,43,3.0,RU,2023-04-04 00:18:47
444,korla,41.7597,86.1469,29.41,25,1,6.64,CN,2023-04-04 00:18:47
445,ipixuna,-1.7625,-48.8043,72.93,98,99,3.74,BR,2023-04-04 00:18:47
446,faya,18.3851,42.4509,55.92,73,10,2.15,SA,2023-04-04 00:18:47
447,dunmore town,25.5,-76.65,77.27,76,25,8.97,BS,2023-04-04 00:18:47
448,rawson,-43.3002,-65.1023,62.67,52,0,13.58,AR,2023-04-04 00:17:55
449,high level,58.5169,-117.136,30.31,59,20,6.91,CA,2023-04-04 00:18:48
450,fort nelson,58.8053,-122.7002,29.57,77,100,6.71,CA,2023-04-04 00:15:08
451,kano,12.0001,8.5167,73.29,31,0,3.44,NG,2023-04-04 00:18:48
452,andros town,24.7,-77.7667,78.46,70,6,10.07,BS,2023-04-04 00:18:48
453,berlevag,70.8578,29.0864,33.8,86,75,20.71,NO,2023-04-04 00:18:48
454,nurota,40.5614,65.6886,50.76,80,31,5.21,UZ,2023-04-04 00:18:49
455,ghanzi,-21.5667,21.7833,70.72,47,9,7.05,BW,2023-04-04 00:18:49
456,olafsvik,64.8945,-23.7142,42.76,96,100,21.05,IS,2023-04-04 00:18:49
457,sosnovo-ozerskoye,52.5249,111.5418,15.93,49,41,15.5,RU,2023-04-04 00:18:49
458,barra patuca,15.8,-84.2833,79.3,72,7,15.08,HN,2023-04-04 00:18:49
459,pedasi,7.5333,-80.0333,82.27,71,50,10.51,PA,2023-04-04 00:18:49
460,sai buri,6.7013,101.6168,74.91,80,81,3.13,TH,2023-04-04 00:18:50
461,ambalavao,-21.8333,46.9333,64.4,91,68,1.86,MG,2023-04-04 00:18:50
462,pemex,18.4395,-96.3461,90.91,38,11,5.59,MX,2023-04-04 00:18:50
463,sinnamary,5.3833,-52.95,76.84,80,82,8.46,GF,2023-04-04 00:18:50
464,maceio,-9.6658,-35.7353,81.84,78,40,4.61,BR,2023-04-04 00:18:50
465,hami,42.8,93.45,33.49,60,100,7.92,CN,2023-04-04 00:14:24
466,kota tinggi,1.7381,103.8999,80.22,93,85,0.25,MY,2023-04-04 00:18:51
467,ayr,55.4627,-4.6339,39.18,81,0,10.36,GB,2023-04-04 00:18:51
468,porto walter,-8.2686,-72.7439,72.79,98,94,1.97,BR,2023-04-04 00:15:43
469,carauari,-4.8828,-66.8958,73.47,97,84,2.73,BR,2023-04-04 00:18:51
470,sanjwal,33.7608,72.4336,57.31,89,92,2.95,PK,2023-04-04 00:18:51
471,puerto del rosario,28.5004,-13.8627,65.95,63,0,24.16,ES,2023-04-04 00:18:52
472,lavezares,12.5336,124.3305,79.68,80,92,17.74,PH,2023-04-04 00:18:52
473,savannah bight,16.45,-85.85,79.81,79,17,27.78,HN,2023-04-04 00:18:52
474,ambilobe,-13.2,49.05,72.28,97,43,3.38,MG,2023-04-04 00:18:52
475,paramirim,-13.4425,-42.2389,73.53,71,100,3.69,BR,2023-04-04 00:18:42
476,cayenne,4.9333,-52.3333,77.04,78,20,2.3,GF,2023-04-04 00:18:52
477,coquimbo,-29.9533,-71.3436,60.53,100,0,2.3,CL,2023-04-04 00:18:53
478,kieta,-6.2167,155.6333,85.69,67,90,4.27,PG,2023-04-04 00:18:53
479,meuselwitz,51.05,12.3,35.74,69,100,2.3,DE,2023-04-04 00:18:53
480,grong,64.4654,12.3149,34.88,99,100,3.71,NO,2023-04-04 00:18:53
481,asopos,36.7333,22.8667,55.4,81,84,17.11,GR,2023-04-04 00:18:53
482,jiexiu,37.0244,111.9125,40.62,94,100,12.06,CN,2023-04-04 00:18:54
483,luang prabang,19.8856,102.1347,67.96,77,28,0.0,LA,2023-04-04 00:18:54
484,burgos,42.3394,-3.7079,36.01,93,20,5.75,ES,2023-04-04 00:16:15
485,novopokrovka,49.8425,36.5477,44.6,96,100,5.79,UA,2023-04-04 00:18:54
486,kazachinskoye,57.6953,93.2761,31.66,91,100,11.01,RU,2023-04-04 00:18:54
487,viedma,-40.8135,-62.9967,57.83,72,0,11.43,AR,2023-04-04 00:17:24
488,rojhan,28.6868,69.9534,71.49,56,28,19.04,PK,2023-04-04 00:18:55
489,katangli,51.7102,143.2326,34.54,94,100,10.42,RU,2023-04-04 00:18:55
490,belaya glina,46.07,40.86,45.68,93,45,6.06,RU,2023-04-04 00:17:42
491,klaksvik,62.2266,-6.589,45.52,90,100,25.93,FO,2023-04-04 00:18:55
492,aqtobe,50.2797,57.2072,32.09,74,0,2.24,KZ,2023-04-04 00:18:55
493,bonfim,3.0833,-59.95,87.48,33,64,9.22,BR,2023-04-04 00:18:56
494,boa viagem,-5.1275,-39.7322,71.67,94,97,1.21,BR,2023-04-04 00:18:56
495,taoudenni,22.6783,-3.9836,84.07,6,0,4.99,ML,2023-04-04 00:18:56
496,yakymivka,46.6897,35.1536,45.18,90,79,4.29,UA,2023-04-04 00:18:57
497,laguna,38.421,-121.4238,59.29,29,0,20.71,US,2023-04-04 00:16:58
498,richards bay,-28.783,32.0377,72.25,78,94,14.99,ZA,2023-04-04 00:18:57
499,guerrero negro,27.9769,-114.0611,60.28,66,35,25.52,MX,2023-04-04 00:18:57
500,oktyabrskiy,54.4815,53.471,39.02,78,53,3.53,RU,2023-04-04 00:18:58
501,chulman,56.8479,124.9104,18.46,92,100,14.94,RU,2023-04-04 00:18:58
502,lensk,60.7253,114.9278,24.42,90,100,13.73,RU,2023-04-04 00:18:58
503,hokitika,-42.7167,170.9667,59.49,65,8,4.25,NZ,2023-04-04 00:18:58
504,onega,63.9061,38.1404,20.39,95,98,5.14,RU,2023-04-04 00:18:58
505,grindavik,63.8424,-22.4338,48.15,100,100,28.77,IS,2023-04-04 00:18:59
506,waynesville,35.4887,-82.9887,53.46,72,100,1.99,US,2023-04-04 00:18:59
507,sakakah,29.9697,40.2064,60.37,21,0,7.9,SA,2023-04-04 00:18:59
508,sao felix do xingu,-6.6447,-51.995,72.27,95,87,0.49,BR,2023-04-04 00:18:59
509,acajutla,13.5928,-89.8275,82.6,63,36,6.26,SV,2023-04-04 00:18:59
510,hachinohe,40.5,141.5,54.91,43,6,4.0,JP,2023-04-04 00:18:59
511,kyabe,9.4515,18.9449,88.88,14,94,1.79,TD,2023-04-04 00:19:00
512,zastron,-30.3023,27.084,47.88,87,9,5.12,ZA,2023-04-04 00:19:00
513,ypsonas,34.6884,32.9574,59.97,72,0,8.05,CY,2023-04-04 00:19:00
514,baykit,61.67,96.37,16.29,96,83,3.69,RU,2023-04-04 00:19:00
515,victor harbor,-35.5667,138.6167,68.13,39,30,5.17,AU,2023-04-04 00:19:01
516,la romana,18.4273,-68.9728,75.56,75,45,14.79,DO,2023-04-04 00:19:01
517,manacapuru,-3.2997,-60.6206,76.53,88,45,2.68,BR,2023-04-04 00:18:58
518,buraydah,26.326,43.975,61.25,18,41,7.96,SA,2023-04-04 00:19:02
519,kodinsk,58.6881,99.1844,29.41,92,100,10.2,RU,2023-04-04 00:16:27
520,portales,34.1862,-103.3344,81.28,7,34,26.98,US,2023-04-04 00:15:20
521,roald,62.5833,6.1333,42.75,81,100,2.3,NO,2023-04-04 00:19:03
522,severo-yeniseyskiy,60.3725,93.0408,13.33,96,66,5.14,RU,2023-04-04 00:19:03
523,san isidro,-12.1167,-77.05,83.01,66,75,14.97,PE,2023-04-04 00:19:04
524,black river,18.0264,-77.8487,78.85,78,62,2.71,JM,2023-04-04 00:19:04
525,kirovskiy,45.0917,133.5136,50.63,47,92,2.93,RU,2023-04-04 00:19:04
526,am timan,11.0297,20.2827,86.72,14,60,4.88,TD,2023-04-04 00:19:05
527,kashi,39.4547,75.9797,47.41,13,20,15.66,CN,2023-04-04 00:19:06
528,kungurtug,50.5994,97.5228,1.54,91,28,1.54,RU,2023-04-04 00:19:06
529,dhekiajuli,26.7,92.5,63.25,89,65,7.18,IN,2023-04-04 00:19:07
530,oranjemund,-28.55,16.4333,59.18,90,0,12.5,NA,2023-04-04 00:19:07
531,sulangan,11.1373,123.7228,80.26,79,40,10.87,PH,2023-04-04 00:19:07
532,maniwaki,46.3834,-75.966,39.58,75,62,3.44,CA,2023-04-04 00:19:08
533,zabaykalsk,49.6333,117.3167,23.45,33,0,18.39,RU,2023-04-04 00:19:09
534,nelson bay,-32.7167,152.15,71.01,87,97,8.99,AU,2023-04-04 00:15:51
535,chenzhou,25.8,113.0333,72.84,86,60,7.65,CN,2023-04-04 00:19:09
536,ampanihy,-24.7,44.75,70.36,91,22,4.45,MG,2023-04-04 00:19:09
537,aleksandriyskaya,44.2272,43.3453,38.03,91,80,4.27,RU,2023-04-04 00:19:10
538,beian,63.6559,9.5683,40.01,87,75,10.36,NO,2023-04-04 00:19:11
539,chapais,49.7834,-74.8492,24.58,96,89,5.59,CA,2023-04-04 00:19:11
540,arlit,18.7369,7.3853,78.44,6,98,5.61,NE,2023-04-04 00:19:11
541,tavda,58.0425,65.2726,31.05,96,64,1.16,RU,2023-04-04 00:19:12
542,babol,36.5513,52.679,50.13,74,32,2.64,IR,2023-04-04 00:19:13
543,male,4.1748,73.5089,82.35,83,20,5.75,MV,2023-04-04 00:19:13
544,sumbe,-11.2061,13.8437,79.05,85,99,3.56,AO,2023-04-04 00:19:13
545,dom pedrito,-30.9828,-54.6731,68.04,60,57,8.77,BR,2023-04-04 00:19:14
546,camacha,33.0833,-16.3333,60.22,59,40,20.71,PT,2023-04-04 00:19:14
547,muyezerskiy,63.9333,31.65,3.67,100,85,3.06,RU,2023-04-04 00:19:14
548,puerto escondido,15.85,-97.0667,85.03,70,40,8.05,MX,2023-04-04 00:19:15
549,maridi,4.9158,29.4742,68.54,76,88,6.13,SS,2023-04-04 00:19:15
550,husavik,66.0449,-17.3389,36.63,93,100,8.46,IS,2023-04-04 00:19:16
551,general roca,-39.0333,-67.5833,67.68,31,0,3.96,AR,2023-04-04 00:19:16
552,tiznit,29.5833,-9.5,60.35,62,0,5.17,MA,2023-04-04 00:19:17
553,auki,-8.7676,160.7034,86.25,64,94,2.37,SB,2023-04-04 00:19:17
554,rameswaram,9.2833,79.3,84.02,70,22,12.88,IN,2023-04-04 00:19:17
555,tenosique,17.4833,-91.4333,92.62,29,32,7.74,MX,2023-04-04 00:19:17
556,bud,39.447,-86.1758,71.58,74,31,13.38,US,2023-04-04 00:16:35
557,boulder city,35.9786,-114.8325,52.29,34,40,10.36,US,2023-04-04 00:19:18
558,busayra,30.7376,35.6078,59.79,20,0,4.32,JO,2023-04-04 00:19:18
559,takab,36.4009,47.1133,39.15,85,5,3.02,IR,2023-04-04 00:19:18
560,akonolinga,3.7667,12.25,69.76,98,100,3.0,CM,2023-04-04 00:19:18
561,geraldton,-28.7667,114.6,68.41,77,40,13.8,AU,2023-04-04 00:19:19
562,mwense,-10.3845,28.698,65.53,98,100,0.43,ZM,2023-04-04 00:19:20
